dep_struct,%of_total,count
V_dobj,0.14195572000931178,11586
V,0.13880686621659702,11329
V_prep,0.0949434554075744,7749
nsubj_V_dobj,0.08367129397061887,6829
nsubj_V_ccomp,0.07922369114277662,6466
V_ccomp,0.05802712670154502,4736
nsubj_V,0.057463518629697244,4690
nsubj_V_xcomp,0.04211132484653932,3437
V_dobj_prep,0.04069005231753189,3321
nsubj_V_prep,0.03548280382763395,2896
V_xcomp,0.027482019677273116,2243
nsubj_V_dobj_prep,0.020204124140804,1649
dobj_nsubj_V,0.014126958844358406,1153
V_prt,0.01037773993163189,847
V_prep_prep,0.00947106607692025,773
V_prt_prep,0.007204381440141147,588
V_prt_dobj,0.007155372042589167,584
V_dative_dobj,0.005685090116029749,464
V_dobj_ccomp,0.0055013048752098215,449
V_pobj,0.005452295477657841,445
nsubj_V_dobj_ccomp,0.0046803974662141465,382
ccomp_nsubj_V,0.004631388068662166,378
nsubj_V_prep_prep,0.0044230981290662484,361
V_dobj_xcomp,0.0041290417437543645,337
V_dobj_prt,0.0041167893943663695,336
dobj_nsubj_V_prep,0.004055527647426394,331
prep_nsubj_V_dobj,0.003859490057218472,315
nsubj_V_prt,0.0038349853584424814,313
nsubj_V_dobj_xcomp,0.00371246186456253,303
nsubj_V_prt_prep,0.003540928973130598,289
prep_nsubj_V_ccomp,0.003148853792714753,257
nsubj_V_dative_dobj,0.0030753396963867823,251
ccomp_nsubj_V_ccomp,0.0029895732506708163,244
ccomp_nsubj_V_dobj,0.002952816202506831,241
V_dobj_prep_prep,0.0028547974074028693,233
prep_nsubj_V_xcomp,0.0022789369861670977,186
nsubj_V_prt_dobj,0.0021686658416751412,177
nsubj_V_prt_xcomp,0.0017765906612592964,145
ccomp_nsubj_V_xcomp,0.0017765906612592964,145
nsubj_V_dobj_prt,0.0017520859624833062,143
V_dobj_prt_prep,0.00164181481799135,134
prep_nsubj_V_prep,0.0016050577698273644,131
nsubj_V_dobj_prep_prep,0.001482534275947413,121
nsubj_V_ccomp_ccomp,0.001482534275947413,121
V_dobj_dative,0.0013845154808434517,113
nsubj_V_prep_ccomp,0.0012497396375755051,102
ccomp_nsubj_V_prep,0.0012129825894115196,99
V_prt_ccomp,0.0012007302400235246,98
V_dobj_dobj,0.0012007302400235246,98
V_prt_dobj_prep,0.001078206746143573,88
V_prep_ccomp,0.0009801879510396118,80
V_prt_xcomp,0.0009311785534876312,76
ccomp_V_nsubj,0.0008944215053236458,73
V_prt_prep_prep,0.0008086550596076798,66
V_nsubj,0.0008086550596076798,66
nsubj_V_prt_ccomp,0.0007964027102196846,65
prep_nsubj_V_dobj_prep,0.0007596456620556992,62
prep_V_dobj,0.0007596456620556992,62
prep_nsubj_V,0.0007106362645037186,58
ccomp_nsubj_V_dobj_prep,0.0006493745175637428,53
nsubj_V_dobj_prt_prep,0.0006371221681757477,52
dobj_nsubj_V_xcomp,0.0006126174693997574,50
V_prep_prep_prep,0.0006003651200117623,49
dobj_V,0.0006003651200117623,49
ccomp_V_ccomp,0.0005881127706237671,48
nsubj_V_ccomp_prep,0.0005391033730717865,44
nsubj_V_xcomp_prep,0.0005391033730717865,44
ccomp_V_dobj,0.0005268510236837914,43
nsubj_V_prt_prep_prep,0.0005145986742957962,42
nsubj_V_dobj_dobj,0.0005145986742957962,42
dative_nsubj_V_dobj,0.000502346324907801,41
V_prep_dobj,0.0004900939755198059,40
V_ccomp_ccomp,0.0004778416261318108,39
nsubj_V_prt_dobj_prep,0.0004043275298038399,33
V_dative,0.00039207518041584473,32
nsubj_V_prep_dobj,0.00039207518041584473,32
V_ccomp_prep,0.0003798228310278496,31
nsubj_V_dobj_dative,0.0003798228310278496,31
prep_V_ccomp,0.00031856108408787385,26
nsubj_V_prep_prep_prep,0.00031856108408787385,26
nsubj_V_dative_dobj_prep,0.0003063087346998787,25
nsubj_nsubj_V,0.0003063087346998787,25
prep_nsubj_V_prep_prep,0.0002818040359238884,23
ccomp_ccomp_nsubj_V_dobj,0.0002818040359238884,23
V_dative_dobj_prep,0.0002695516865358933,22
nsubj_nsubj_V_dobj,0.0002695516865358933,22
ccomp_ccomp_nsubj_V,0.0002572993371478981,21
ccomp_V,0.0002572993371478981,21
ccomp_ccomp_nsubj_V_ccomp,0.0002327946383719078,19
nsubj_nsubj_V_xcomp,0.0002327946383719078,19
prep_V_prep,0.00022054228898391268,18
nsubj_prep_V_dobj,0.00022054228898391268,18
V_prep_xcomp,0.00022054228898391268,18
dobj_nsubj_V_prep_prep,0.00022054228898391268,18
dobj_V_prep,0.00022054228898391268,18
prep_nsubj_V_dobj_ccomp,0.00019603759020792236,16
nsubj_V_prep_xcomp,0.00019603759020792236,16
prep_V_dobj_prep,0.00019603759020792236,16
prep_V_xcomp,0.0001837852408199272,15
prep_V_nsubj,0.0001837852408199272,15
prep_nsubj_V_dobj_prep_prep,0.0001837852408199272,15
nsubj_V_dobj_prep_ccomp,0.0001837852408199272,15
ccomp_ccomp_nsubj_V_xcomp,0.00017153289143193208,14
dobj_nsubj_V_dobj,0.00017153289143193208,14
V_xcomp_prep,0.00017153289143193208,14
nsubj_V_xcomp_xcomp,0.00017153289143193208,14
V_dobj_prep_dobj,0.00017153289143193208,14
V_dobj_prep_prep_prep,0.00017153289143193208,14
prep_nsubj_V_dobj_xcomp,0.00015928054204393692,13
nsubj_prep_V_ccomp,0.00014702819265594177,12
prep_V,0.00014702819265594177,12
prep_nsubj_V_prt_prep,0.00014702819265594177,12
nsubj_V_ccomp_dobj,0.00014702819265594177,12
V_dobj_dobj_prep,0.00014702819265594177,12
nsubj_nsubj_V_prep,0.00014702819265594177,12
ccomp_nsubj_V_dobj_xcomp,0.00014702819265594177,12
V_dobj_dative_prep,0.00014702819265594177,12
ccomp_nsubj_V_dative_dobj,0.00014702819265594177,12
dobj_nsubj_V_ccomp,0.00013477584326794664,11
nsubj_V_dobj_ccomp_ccomp,0.00013477584326794664,11
nsubj_V_xcomp_ccomp,0.00013477584326794664,11
prep_nsubj_V_dative_dobj,0.00013477584326794664,11
nsubj_nsubj_V_ccomp,0.00013477584326794664,11
ccomp_V_prep,0.00013477584326794664,11
nsubj_V_dative,0.00013477584326794664,11
ccomp_nsubj_V_dobj_ccomp,0.00012252349387995148,10
ccomp_V_dative_dobj,0.00012252349387995148,10
prep_nsubj_V_prt_xcomp,0.00011027114449195634,9
V_dobj_prt_prep_prep,0.00011027114449195634,9
nsubj_V_ccomp_xcomp,0.00011027114449195634,9
ccomp_V_dobj_prep,0.00011027114449195634,9
prep_nsubj_V_prep_ccomp,0.00011027114449195634,9
nsubj_V_dative_dobj_xcomp,0.00011027114449195634,9
prep_prep_nsubj_V_ccomp,0.00011027114449195634,9
dobj_V_dobj,9.801879510396118e-05,8
dobj_V_xcomp,9.801879510396118e-05,8
nsubj_prep_V_xcomp,9.801879510396118e-05,8
prep_nsubj_V_prt_ccomp,9.801879510396118e-05,8
nsubj_V_dobj_dobj_prep,9.801879510396118e-05,8
V_xcomp_ccomp,9.801879510396118e-05,8
ccomp_nsubj_V_dobj_prt,9.801879510396118e-05,8
nsubj_prep_V_prep,8.576644571596604e-05,7
ccomp_nsubj_V_ccomp_ccomp,8.576644571596604e-05,7
prep_nsubj_V_prt_dobj,8.576644571596604e-05,7
V_dative_prep,8.576644571596604e-05,7
nsubj_V_dobj_prep_xcomp,8.576644571596604e-05,7
ccomp_nsubj_V_prep_prep,8.576644571596604e-05,7
V_dative_ccomp,8.576644571596604e-05,7
V_ccomp_dobj,7.351409632797088e-05,6
ccomp_nsubj_V_prt,7.351409632797088e-05,6
V_xcomp_xcomp,7.351409632797088e-05,6
V_dobj_prep_xcomp,7.351409632797088e-05,6
V_prep_pobj,7.351409632797088e-05,6
ccomp_V_xcomp,7.351409632797088e-05,6
ccomp_prep_nsubj_V_dobj,7.351409632797088e-05,6
dobj_V_nsubj,7.351409632797088e-05,6
V_xcomp_dobj,7.351409632797088e-05,6
dobj_nsubj_V_prt,7.351409632797088e-05,6
nsubj_V_prt_dobj_prep_prep,7.351409632797088e-05,6
dobj_nsubj_V_dative,6.126174693997574e-05,5
nsubj_V_dobj_prep_dobj,6.126174693997574e-05,5
nsubj_V_dative_ccomp,6.126174693997574e-05,5
nsubj_V_ccomp_ccomp_ccomp,6.126174693997574e-05,5
nsubj_V_dobj_prep_prep_prep,6.126174693997574e-05,5
V_dobj_prep_ccomp,6.126174693997574e-05,5
prep_nsubj_V_ccomp_ccomp,6.126174693997574e-05,5
nsubj_V_prt_prep_prep_prep,6.126174693997574e-05,5
ccomp_ccomp_nsubj_V_prep,6.126174693997574e-05,5
ccomp_prep_nsubj_V_prep,4.900939755198059e-05,4
V_dobj_dobj_dobj,4.900939755198059e-05,4
dobj_dobj_nsubj_V,4.900939755198059e-05,4
V_dobj_ccomp_ccomp,4.900939755198059e-05,4
dative_nsubj_V_dobj_prep,4.900939755198059e-05,4
nsubj_V_xcomp_dobj,4.900939755198059e-05,4
ccomp_prep_nsubj_V_ccomp,4.900939755198059e-05,4
V_dobj_prt_ccomp,4.900939755198059e-05,4
nsubj_V_dative_prep,4.900939755198059e-05,4
V_nsubj_ccomp,4.900939755198059e-05,4
nsubj_V_dobj_dobj_ccomp,4.900939755198059e-05,4
ccomp_V_prt,4.900939755198059e-05,4
nsubj_V_dobj_dative_prep,3.675704816398544e-05,3
V_dobj_xcomp_prep,3.675704816398544e-05,3
prep_nsubj_V_ccomp_prep,3.675704816398544e-05,3
prep_nsubj_V_dobj_prt,3.675704816398544e-05,3
nsubj_prep_V_dobj_prep,3.675704816398544e-05,3
ccomp_ccomp_nsubj_V_dobj_prep,3.675704816398544e-05,3
V_prt_prep_prep_prep,3.675704816398544e-05,3
V_prt_dobj_xcomp,3.675704816398544e-05,3
V_prt_dobj_dative,3.675704816398544e-05,3
V_prt_dative,3.675704816398544e-05,3
prep_prep_nsubj_V_xcomp,3.675704816398544e-05,3
ccomp_nsubj_V_prep_prep_ccomp,3.675704816398544e-05,3
prep_nsubj_V_dobj_dobj,3.675704816398544e-05,3
ccomp_V_dobj_prt,3.675704816398544e-05,3
ccomp_V_ccomp_ccomp,3.675704816398544e-05,3
nsubj_V_dobj_prt_prep_prep,3.675704816398544e-05,3
nsubj_V_dative_dobj_dobj,3.675704816398544e-05,3
dobj_nsubj_V_prt_prep,3.675704816398544e-05,3
prep_V_dobj_xcomp,3.675704816398544e-05,3
prep_prep_nsubj_V_dobj,3.675704816398544e-05,3
dobj_nsubj_V_dobj_prep,3.675704816398544e-05,3
prep_nsubj_V_prep_xcomp,3.675704816398544e-05,3
ccomp_prep_nsubj_V_xcomp,3.675704816398544e-05,3
nsubj_V_pobj,2.4504698775990296e-05,2
ccomp_V_dobj_ccomp,2.4504698775990296e-05,2
ccomp_ccomp_ccomp_nsubj_V_ccomp,2.4504698775990296e-05,2
prep_V_dobj_prt,2.4504698775990296e-05,2
prep_V_dobj_ccomp,2.4504698775990296e-05,2
prep_V_prt_dobj,2.4504698775990296e-05,2
nsubj_ccomp_V_dobj,2.4504698775990296e-05,2
nsubj_V_dobj_xcomp_prep,2.4504698775990296e-05,2
ccomp_prep_nsubj_V,2.4504698775990296e-05,2
ccomp_nsubj_V_prep_dobj,2.4504698775990296e-05,2
nsubj_V_prep_dobj_prep,2.4504698775990296e-05,2
V_ccomp_xcomp,2.4504698775990296e-05,2
V_dobj_xcomp_dobj,2.4504698775990296e-05,2
nsubj_V_nsubj,2.4504698775990296e-05,2
ccomp_nsubj_V_prt_prep,2.4504698775990296e-05,2
nsubj_V_prep_prep_ccomp,2.4504698775990296e-05,2
prep_nsubj_nsubj_V_xcomp,2.4504698775990296e-05,2
V_dobj_prt_xcomp,2.4504698775990296e-05,2
nsubj_V_ccomp_prep_prep,2.4504698775990296e-05,2
dobj_V_prt,2.4504698775990296e-05,2
dative_nsubj_V_dobj_xcomp,2.4504698775990296e-05,2
pobj_nsubj_V_dobj,2.4504698775990296e-05,2
dative_nsubj_V_dative_dobj,2.4504698775990296e-05,2
nsubj_V_dobj_ccomp_prep,2.4504698775990296e-05,2
V_prt_dobj_prep_prep,2.4504698775990296e-05,2
nsubj_V_prep_prep_prep_prep,2.4504698775990296e-05,2
prep_nsubj_V_dobj_prt_prep,2.4504698775990296e-05,2
nsubj_nsubj_V_prt,2.4504698775990296e-05,2
prep_V_prt_prep,2.4504698775990296e-05,2
nsubj_V_prep_ccomp_ccomp,2.4504698775990296e-05,2
dobj_nsubj_nsubj_V,2.4504698775990296e-05,2
ccomp_V_prt_ccomp,2.4504698775990296e-05,2
V_xcomp_prep_prep,2.4504698775990296e-05,2
ccomp_ccomp_ccomp_nsubj_V_prep,2.4504698775990296e-05,2
nsubj_V_ccomp_ccomp_prep,2.4504698775990296e-05,2
ccomp_nsubj_V_ccomp_prep,2.4504698775990296e-05,2
prep_nsubj_V_xcomp_prep,2.4504698775990296e-05,2
ccomp_ccomp_ccomp_nsubj_V_dobj,2.4504698775990296e-05,2
prep_prep_nsubj_V_prep,2.4504698775990296e-05,2
ccomp_nsubj_V_prep_prep_prep,2.4504698775990296e-05,2
dobj_V_ccomp,2.4504698775990296e-05,2
V_dobj_xcomp_ccomp,2.4504698775990296e-05,2
ccomp_nsubj_V_prt_ccomp,2.4504698775990296e-05,2
nsubj_V_dobj_dobj_xcomp,2.4504698775990296e-05,2
pobj_nsubj_V_xcomp,2.4504698775990296e-05,2
nsubj_V_dobj_xcomp_xcomp,2.4504698775990296e-05,2
V_prt_xcomp_prep,2.4504698775990296e-05,2
nsubj_V_dobj_xcomp_ccomp,2.4504698775990296e-05,2
nsubj_nsubj_V_prt_prep,2.4504698775990296e-05,2
V_xcomp_prt,2.4504698775990296e-05,2
nsubj_V_prt_dobj_dobj,2.4504698775990296e-05,2
prep_nsubj_V_prt,2.4504698775990296e-05,2
nsubj_V_xcomp_prep_prep,2.4504698775990296e-05,2
V_ccomp_nsubj,2.4504698775990296e-05,2
ccomp_nsubj_V_prt_dobj,2.4504698775990296e-05,2
V_dobj_dobj_ccomp,2.4504698775990296e-05,2
nsubj_nsubj_V_dobj_prep,2.4504698775990296e-05,2
V_dative_dobj_xcomp,2.4504698775990296e-05,2
nsubj_prep_V_dobj_xcomp,2.4504698775990296e-05,2
prep_nsubj_V_prep_prep_prep,2.4504698775990296e-05,2
V_dative_dobj_ccomp,2.4504698775990296e-05,2
nsubj_V_dobj_prt_dative,2.4504698775990296e-05,2
dobj_V_prt_prep_prep,2.4504698775990296e-05,2
ccomp_prep_nsubj_V_dobj_prep,2.4504698775990296e-05,2
prep_nsubj_V_prt_prep_prep,2.4504698775990296e-05,2
ccomp_ccomp_ccomp_nsubj_V,1.2252349387995148e-05,1
dobj_V_prep_prep,1.2252349387995148e-05,1
V_prt_xcomp_prep_prep,1.2252349387995148e-05,1
dobj_nsubj_V_prep_ccomp,1.2252349387995148e-05,1
dobj_nsubj_V_prt_xcomp,1.2252349387995148e-05,1
ccomp_ccomp_prep_nsubj_V_dobj,1.2252349387995148e-05,1
V_pobj_prep,1.2252349387995148e-05,1
nsubj_ccomp_nsubj_V_dobj,1.2252349387995148e-05,1
nsubj_V_prep_ccomp_prep,1.2252349387995148e-05,1
ccomp_dobj_V,1.2252349387995148e-05,1
ccomp_nsubj_nsubj_nsubj_V_dobj_xcomp,1.2252349387995148e-05,1
prep_V_prep_dobj,1.2252349387995148e-05,1
ccomp_nsubj_V_ccomp_xcomp,1.2252349387995148e-05,1
xcomp_nsubj_V,1.2252349387995148e-05,1
V_ccomp_prep_ccomp,1.2252349387995148e-05,1
dobj_ccomp_nsubj_V,1.2252349387995148e-05,1
prep_nsubj_V_xcomp_ccomp,1.2252349387995148e-05,1
ccomp_prep_nsubj_V_prep_ccomp,1.2252349387995148e-05,1
nsubj_V_dobj_prep_ccomp_ccomp,1.2252349387995148e-05,1
nsubj_V_prt_xcomp_prep,1.2252349387995148e-05,1
V_xcomp_prep_dobj,1.2252349387995148e-05,1
V_prt_ccomp_ccomp,1.2252349387995148e-05,1
ccomp_nsubj_prep_V_ccomp,1.2252349387995148e-05,1
nsubj_V_prt_dobj_ccomp,1.2252349387995148e-05,1
nsubj_V_prt_prep_xcomp,1.2252349387995148e-05,1
prep_V_prt_dobj_prep,1.2252349387995148e-05,1
prep_ccomp_nsubj_V_ccomp,1.2252349387995148e-05,1
nsubj_V_dobj_ccomp_dobj_ccomp,1.2252349387995148e-05,1
nsubj_prep_prep_V_dobj,1.2252349387995148e-05,1
nsubj_V_dobj_dative_ccomp,1.2252349387995148e-05,1
V_prt_dobj_dative_prep,1.2252349387995148e-05,1
nsubj_prep_V_prep_dobj,1.2252349387995148e-05,1
dobj_V_nsubj_prep,1.2252349387995148e-05,1
prep_V_prep_ccomp,1.2252349387995148e-05,1
xcomp_nsubj_V_ccomp,1.2252349387995148e-05,1
ccomp_nsubj_V_nsubj,1.2252349387995148e-05,1
nsubj_V_dative_xcomp,1.2252349387995148e-05,1
nsubj_V_xcomp_xcomp_ccomp,1.2252349387995148e-05,1
prep_prep_nsubj_V_dobj_prep,1.2252349387995148e-05,1
nsubj_V_dobj_dobj_dobj_ccomp,1.2252349387995148e-05,1
V_dobj_dative_dobj,1.2252349387995148e-05,1
ccomp_ccomp_ccomp_nsubj_V_xcomp,1.2252349387995148e-05,1
nsubj_nsubj_nsubj_V,1.2252349387995148e-05,1
V_nsubj_dobj,1.2252349387995148e-05,1
nsubj_nsubj_V_dobj_xcomp,1.2252349387995148e-05,1
pobj_nsubj_V_dobj_dative,1.2252349387995148e-05,1
ccomp_ccomp_ccomp_V_prt,1.2252349387995148e-05,1
dobj_nsubj_V_prt_dative,1.2252349387995148e-05,1
nsubj_V_nsubj_prep,1.2252349387995148e-05,1
nsubj_nsubj_V_prep_ccomp,1.2252349387995148e-05,1
ccomp_V_prt_prep,1.2252349387995148e-05,1
ccomp_V_ccomp_prep,1.2252349387995148e-05,1
ccomp_V_dobj_prep_prep_prep,1.2252349387995148e-05,1
pobj_nsubj_V_ccomp,1.2252349387995148e-05,1
nsubj_nsubj_V_prep_prep_prep,1.2252349387995148e-05,1
nsubj_prep_V_dobj_ccomp,1.2252349387995148e-05,1
nsubj_V_xcomp_prt_prep,1.2252349387995148e-05,1
nsubj_V_prep_xcomp_ccomp,1.2252349387995148e-05,1
ccomp_ccomp_nsubj_V_prep_prep,1.2252349387995148e-05,1
prep_nsubj_V_dobj_dative,1.2252349387995148e-05,1
V_prep_dative,1.2252349387995148e-05,1
ccomp_V_prep_prep,1.2252349387995148e-05,1
nsubj_prep_V,1.2252349387995148e-05,1
V_dative_dative_dobj,1.2252349387995148e-05,1
ccomp_ccomp_ccomp_ccomp_ccomp_ccomp_ccomp_ccomp_nsubj_V_ccomp,1.2252349387995148e-05,1
ccomp_nsubj_V_dobj_prep_prep,1.2252349387995148e-05,1
V_dobj_prt_prep_dobj,1.2252349387995148e-05,1
V_prep_prep_prep_prep,1.2252349387995148e-05,1
nsubj_nsubj_V_dative_dobj,1.2252349387995148e-05,1
ccomp_ccomp_nsubj_V_dobj_xcomp,1.2252349387995148e-05,1
dative_nsubj_V_prt,1.2252349387995148e-05,1
prep_V_prep_prep,1.2252349387995148e-05,1
ccomp_nsubj_V_dobj_xcomp_xcomp,1.2252349387995148e-05,1
prep_prep_nsubj_V_prt_prep,1.2252349387995148e-05,1
V_nsubj_nsubj,1.2252349387995148e-05,1
ccomp_ccomp_nsubj_V_dobj_ccomp,1.2252349387995148e-05,1
ccomp_nsubj_V_dative,1.2252349387995148e-05,1
ccomp_ccomp_nsubj_V_ccomp_ccomp,1.2252349387995148e-05,1
nsubj_prep_V_dobj_prt_prep,1.2252349387995148e-05,1
ccomp_V_nsubj_prep,1.2252349387995148e-05,1
ccomp_ccomp_V_dobj,1.2252349387995148e-05,1
prep_nsubj_V_dobj_prep_ccomp,1.2252349387995148e-05,1
dobj_nsubj_V_prep_xcomp,1.2252349387995148e-05,1
ccomp_prep_V_dobj,1.2252349387995148e-05,1
ccomp_ccomp_V_dobj_ccomp,1.2252349387995148e-05,1
V_dobj_prt_dobj,1.2252349387995148e-05,1
nsubj_nsubj_V_dobj_prt_prep,1.2252349387995148e-05,1
ccomp_ccomp_nsubj_V_prt_prep,1.2252349387995148e-05,1
nsubj_V_prep_prep_xcomp,1.2252349387995148e-05,1
prep_ccomp_nsubj_V_xcomp,1.2252349387995148e-05,1
ccomp_nsubj_V_dobj_dobj,1.2252349387995148e-05,1
ccomp_prep_prep_nsubj_V_ccomp,1.2252349387995148e-05,1
V_dative_prep_prep,1.2252349387995148e-05,1
ccomp_ccomp_nsubj_V_dobj_dobj_dobj,1.2252349387995148e-05,1
nsubj_V_prt_dobj_xcomp,1.2252349387995148e-05,1
dative_nsubj_V_dobj_ccomp_ccomp,1.2252349387995148e-05,1
prep_ccomp_nsubj_V_dobj_prep,1.2252349387995148e-05,1
ccomp_nsubj_V_ccomp_ccomp_ccomp,1.2252349387995148e-05,1
nsubj_V_dobj_dobj_dobj_dobj_prep,1.2252349387995148e-05,1
nsubj_V_prt_prep_ccomp,1.2252349387995148e-05,1
nsubj_V_prep_prep_prep_dobj,1.2252349387995148e-05,1
prep_ccomp_V_ccomp,1.2252349387995148e-05,1
ccomp_dobj_nsubj_V,1.2252349387995148e-05,1
V_pobj_pobj_pobj,1.2252349387995148e-05,1
ccomp_prep_nsubj_V_dobj_ccomp,1.2252349387995148e-05,1
prep_nsubj_V_prep_dobj_prep,1.2252349387995148e-05,1
prep_ccomp_nsubj_V_dobj,1.2252349387995148e-05,1
ccomp_nsubj_V_dobj_prep_ccomp,1.2252349387995148e-05,1
V_dative_dobj_prt,1.2252349387995148e-05,1
prep_V_dative_dobj,1.2252349387995148e-05,1
V_dobj_dative_xcomp,1.2252349387995148e-05,1
nsubj_V_dobj_prep_dative,1.2252349387995148e-05,1
V_ccomp_ccomp_prep,1.2252349387995148e-05,1
prep_prep_V_prep,1.2252349387995148e-05,1
V_dobj_prt_dobj_prep,1.2252349387995148e-05,1
nsubj_V_xcomp_xcomp_xcomp,1.2252349387995148e-05,1
ccomp_dobj_nsubj_V_ccomp,1.2252349387995148e-05,1
xcomp_nsubj_V_dobj,1.2252349387995148e-05,1
V_dobj_dobj_prep_dobj,1.2252349387995148e-05,1
V_dobj_prep_prep_ccomp,1.2252349387995148e-05,1
nsubj_V_dobj_prt_xcomp,1.2252349387995148e-05,1
ccomp_nsubj_prep_V_xcomp,1.2252349387995148e-05,1
prep_V_nsubj_prep,1.2252349387995148e-05,1
V_nsubj_prep,1.2252349387995148e-05,1
ccomp_prep_nsubj_V_dobj_prep_ccomp,1.2252349387995148e-05,1
nsubj_V_prt_dobj_dative,1.2252349387995148e-05,1
nsubj_ccomp_nsubj_V_ccomp_dobj,1.2252349387995148e-05,1
ccomp_nsubj_V_dative_dobj_xcomp,1.2252349387995148e-05,1
V_dative_dative_ccomp,1.2252349387995148e-05,1
ccomp_ccomp_prep_nsubj_V_xcomp,1.2252349387995148e-05,1
nsubj_V_ccomp_xcomp_ccomp,1.2252349387995148e-05,1
prep_nsubj_V_dobj_dobj_prep,1.2252349387995148e-05,1
dobj_nsubj_V_dative_prep,1.2252349387995148e-05,1
V_dative_dobj_dobj_prep_prep,1.2252349387995148e-05,1
V_dobj_prt_dative,1.2252349387995148e-05,1
ccomp_nsubj_V_prep_xcomp,1.2252349387995148e-05,1
ccomp_V_dobj_xcomp,1.2252349387995148e-05,1
ccomp_nsubj_V_dobj_dative_dobj,1.2252349387995148e-05,1
prep_nsubj_V_dative_dobj_xcomp,1.2252349387995148e-05,1
nsubj_nsubj_nsubj_V_xcomp,1.2252349387995148e-05,1
ccomp_nsubj_V_dative_dobj_dobj,1.2252349387995148e-05,1
dative_V_dobj_prt_prep,1.2252349387995148e-05,1
V_dobj_dobj_dobj_dobj_dobj,1.2252349387995148e-05,1
ccomp_prep_ccomp_nsubj_V_prep,1.2252349387995148e-05,1
V_prt_prep_ccomp,1.2252349387995148e-05,1
V_dobj_dobj_dobj_dobj,1.2252349387995148e-05,1
V_prep_ccomp_prep,1.2252349387995148e-05,1
prep_prep_V_ccomp,1.2252349387995148e-05,1
nsubj_V_dative_dobj_ccomp,1.2252349387995148e-05,1
dobj_dobj_V_prt,1.2252349387995148e-05,1
ccomp_ccomp_V_dobj_prt,1.2252349387995148e-05,1
V_dobj_ccomp_dobj,1.2252349387995148e-05,1
V_prt_dobj_dobj,1.2252349387995148e-05,1
prep_prep_nsubj_V_dobj_ccomp,1.2252349387995148e-05,1
ccomp_nsubj_nsubj_V_xcomp,1.2252349387995148e-05,1
V_prt_prt_prep,1.2252349387995148e-05,1
ccomp_ccomp_V_ccomp,1.2252349387995148e-05,1
V_ccomp_ccomp_ccomp,1.2252349387995148e-05,1
nsubj_ccomp_ccomp_nsubj_V_dobj,1.2252349387995148e-05,1
V_dative_prep_xcomp,1.2252349387995148e-05,1
prep_V_prt_dobj_xcomp,1.2252349387995148e-05,1
ccomp_nsubj_V_dobj_prt_prep,1.2252349387995148e-05,1
V_prt_dobj_dobj_prep,1.2252349387995148e-05,1
V_prep_dobj_dobj,1.2252349387995148e-05,1
V_nsubj_ccomp_dobj_ccomp,1.2252349387995148e-05,1
prep_nsubj_prep_V_dobj,1.2252349387995148e-05,1
prep_ccomp_nsubj_V,1.2252349387995148e-05,1
nsubj_V_ccomp_ccomp_ccomp_ccomp,1.2252349387995148e-05,1
V_dobj_dobj_dobj_prep,1.2252349387995148e-05,1
nsubj_V_dobj_prt_ccomp,1.2252349387995148e-05,1
V_xcomp_xcomp_xcomp,1.2252349387995148e-05,1
V_dobj_dobj_prep_prep,1.2252349387995148e-05,1
V_dative_dobj_prep_prep,1.2252349387995148e-05,1
ccomp_prep_prep_nsubj_V_xcomp,1.2252349387995148e-05,1
nsubj_ccomp_nsubj_V_dobj_prep,1.2252349387995148e-05,1
nsubj_nsubj_nsubj_V_ccomp,1.2252349387995148e-05,1
nsubj_V_prt_dobj_prep_dobj,1.2252349387995148e-05,1
nsubj_prep_V_prt,1.2252349387995148e-05,1
prep_nsubj_nsubj_V_ccomp,1.2252349387995148e-05,1
nsubj_ccomp_nsubj_V,1.2252349387995148e-05,1
ccomp_ccomp_nsubj_V_prt,1.2252349387995148e-05,1
nsubj_ccomp_V_prep,1.2252349387995148e-05,1
prep_nsubj_V_prt_dobj_xcomp,1.2252349387995148e-05,1
ccomp_V_prep_prep_prep,1.2252349387995148e-05,1
ccomp_V_pobj,1.2252349387995148e-05,1
V_prep_prep_dobj,1.2252349387995148e-05,1
ccomp_ccomp_nsubj_V_dobj_prt,1.2252349387995148e-05,1
nsubj_V_prt_dative,1.2252349387995148e-05,1
prep_nsubj_V_ccomp_xcomp,1.2252349387995148e-05,1
prep_ccomp_ccomp_nsubj_V_ccomp,1.2252349387995148e-05,1
ccomp_prep_nsubj_V_prt_dobj_prep,1.2252349387995148e-05,1
nsubj_prep_V_dative_dobj,1.2252349387995148e-05,1
prep_nsubj_V_dative,1.2252349387995148e-05,1
nsubj_V_ccomp_prep_ccomp,1.2252349387995148e-05,1
ccomp_nsubj_V_prt_xcomp,1.2252349387995148e-05,1
V_ccomp_dobj_ccomp,1.2252349387995148e-05,1
nsubj_V_prep_prep_dobj,1.2252349387995148e-05,1
nsubj_V_dative_ccomp_dobj,1.2252349387995148e-05,1
ccomp_nsubj_V_xcomp_xcomp,1.2252349387995148e-05,1
ccomp_prep_nsubj_V_prep_prep,1.2252349387995148e-05,1
prep_nsubj_prep_V_xcomp,1.2252349387995148e-05,1
nsubj_V_ccomp_dative,1.2252349387995148e-05,1
V_xcomp_nsubj,1.2252349387995148e-05,1
pobj_nsubj_V,1.2252349387995148e-05,1
nsubj_V_xcomp_prep_ccomp,1.2252349387995148e-05,1
ccomp_prep_prep_nsubj_V_prep,1.2252349387995148e-05,1
dobj_V_dobj_xcomp,1.2252349387995148e-05,1
nsubj_V_dobj_dative_prep_prep,1.2252349387995148e-05,1
nsubj_V_ccomp_nsubj,1.2252349387995148e-05,1
dobj_prep_nsubj_V,1.2252349387995148e-05,1
